{
  "Product": [
    {
      "id": 1,
      "_id": 1234,
      "name": "Anu",
      "description": "aa",
      "price": 123
    },
    {
      "id": 2,
      "_id": 1234,
      "name": "Anuakshy",
      "description": "madgirl",
      "price": 1235566
    },
    {
      "id": 3,
      "_id": 1234,
      "name": "Anu",
      "description": "madgirl",
      "price": 1235566
    },
    {
      "id": 4,
      "_id": 6,
      "name": "Ds",
      "description": "s",
      "price": 11
    },
    {
      "id": 5,
      "_id": "123",
      "name": "As",
      "description": "sdsss",
      "price": 655
    },
    {
      "id": 6,
      "_id": "5",
      "name": "Adsddd",
      "description": "ss",
      "price": 444
    }
  ]
}